{"log_evidence": 5344.456803056634, "total_samples": 25068, "unconverged_sample_size": 100, "time": "0:05:03.230661", "number_live_points": 50}