{"log_evidence": 4457.354758464709, "total_samples": 26652, "unconverged_sample_size": 100, "time": "0:05:47.192292", "number_live_points": 50}