{"log_evidence": 3717.1294163374, "total_samples": 26961, "unconverged_sample_size": 100, "time": "0:05:42.193638", "number_live_points": 50}